exp_type;metric;revision_nr;traintestsplit;independent_test;revtype;trial;init_train_val;pfc;ppc1;ppc2;pfw;nfw;npc2;npc1;nfc;init_test_val;pfc;ppc1;ppc2;pfw;nfw;npc2;npc1;nfc;new_train_val;pfc;ppc1;ppc2;pfw;nfw;npc2;npc1;nfc;new_test_val;pfc;ppc1;ppc2;pfw;nfw;npc2;npc1;nfc;
sel;random;0;false;false;alteration;1;0.0692871419053964;3;0;3;0;1304;23;160;8;0.0692871419053964;3;0;3;0;1304;23;160;8;0.2335109926715523;1;0;5;0;822;643;9;21;0.2335109926715523;1;0;5;0;822;643;9;21;
sel;accuracy;0;false;false;alteration;1;0.0692871419053964;3;0;3;0;1304;23;160;8;0.0692871419053964;3;0;3;0;1304;23;160;8;0.9600266489007329;0;0;4;2;0;0;112;1383;0.9600266489007329;0;0;4;2;0;0;112;1383;
sel;random;0;false;false;alteration;2;0.6584553928095873;947;0;84;0;471;0;0;0;0.6584553928095873;947;0;84;0;471;0;0;0;0.5233022636484688;0;0;851;180;0;0;221;250;0.5233022636484688;0;0;851;180;0;0;221;250;
sel;accuracy;0;false;false;alteration;2;0.6584553928095873;947;0;84;0;471;0;0;0;0.6584553928095873;947;0;84;0;471;0;0;0;0.7350199733688416;697;79;154;101;74;66;147;184;0.7350199733688416;697;79;154;101;74;66;147;184;
sel;random;0;false;false;alteration;3;0.6029313790806129;841;3;125;1;531;0;0;0;0.6029313790806129;841;3;125;1;531;0;0;0;0.3840772818121252;188;0;777;5;531;0;0;0;0.3840772818121252;188;0;777;5;531;0;0;0;
sel;accuracy;0;false;false;alteration;3;0.6029313790806129;841;3;125;1;531;0;0;0;0.6029313790806129;841;3;125;1;531;0;0;0;0.6882078614257161;750;2;218;0;185;0;346;0;0.6882078614257161;750;2;218;0;185;0;346;0;
sel;random;0;false;false;alteration;4;0.6219187208527648;930;0;7;0;564;0;0;0;0.6219187208527648;930;0;7;0;564;0;0;0;0.43670886075949367;0;0;437;500;0;0;254;310;0.43670886075949367;0;0;437;500;0;0;254;310;
sel;accuracy;0;false;false;alteration;4;0.6219187208527648;930;0;7;0;564;0;0;0;0.6219187208527648;930;0;7;0;564;0;0;0;0.6242504996668887;937;0;0;0;564;0;0;0;0.6242504996668887;937;0;0;0;564;0;0;0;
sel;random;0;false;false;alteration;5;0.05758988015978695;8;0;0;0;1337;0;157;0;0.05758988015978695;8;0;0;0;1337;0;157;0;0.25865512649800265;5;0;3;0;731;0;762;1;0.25865512649800265;5;0;3;0;731;0;762;1;
sel;accuracy;0;false;false;alteration;5;0.05758988015978695;8;0;0;0;1337;0;157;0;0.05758988015978695;8;0;0;0;1337;0;157;0;0.7729693741677763;0;0;3;5;0;0;669;825;0.7729693741677763;0;0;3;5;0;0;669;825;
sel;random;0;false;false;alteration;6;0.07694870086608926;11;0;1;0;1286;47;151;5;0.07694870086608926;11;0;1;0;1286;47;151;5;0.5013324450366422;11;0;1;0;7;1482;0;0;0.5013324450366422;11;0;1;0;7;1482;0;0;
sel;accuracy;0;false;false;alteration;6;0.07694870086608926;11;0;1;0;1286;47;151;5;0.07694870086608926;11;0;1;0;1286;47;151;5;0.9936708860759493;0;0;12;0;0;0;7;1482;0.9936708860759493;0;0;12;0;0;0;7;1482;
sel;random;0;false;false;alteration;7;0.6364846870838881;955;0;0;0;545;2;0;0;0.6364846870838881;955;0;0;0;545;2;0;0;0.646138482023968;463;392;56;44;127;108;165;147;0.646138482023968;463;392;56;44;127;108;165;147;
sel;accuracy;0;false;false;alteration;7;0.6364846870838881;955;0;0;0;545;2;0;0;0.6364846870838881;955;0;0;0;545;2;0;0;0.8135818908122503;756;4;85;110;2;1;246;298;0.8135818908122503;756;4;85;110;2;1;246;298;
sel;random;0;false;false;alteration;8;0.09127248500999334;62;0;20;1;1295;2;114;7;0.09127248500999334;62;0;20;1;1295;2;114;7;0.09293804130579614;60;1;21;1;1283;48;85;2;0.09293804130579614;60;1;21;1;1283;48;85;2;
sel;accuracy;0;false;false;alteration;8;0.09127248500999334;62;0;20;1;1295;2;114;7;0.09127248500999334;62;0;20;1;1295;2;114;7;0.7578281145902732;0;0;35;48;0;0;596;822;0.7578281145902732;0;0;35;48;0;0;596;822;
sel;random;0;false;false;alteration;9;0.561292471685543;766;0;133;0;582;0;20;0;0.561292471685543;766;0;133;0;582;0;20;0;0.5;0;0;899;0;0;0;602;0;0.5;0;0;899;0;0;0;602;0;
sel;accuracy;0;false;false;alteration;9;0.561292471685543;766;0;133;0;582;0;20;0;0.561292471685543;766;0;133;0;582;0;20;0;0.5972684876748834;893;0;6;0;601;1;0;0;0.5972684876748834;893;0;6;0;601;1;0;0;
sel;random;0;false;false;alteration;10;0.7938041305796135;1122;0;53;0;240;0;86;0;0.7938041305796135;1122;0;53;0;240;0;86;0;0.7455029980013324;737;0;438;0;0;0;326;0;0.7455029980013324;737;0;438;0;0;0;326;0;
sel;accuracy;0;false;false;alteration;10;0.7938041305796135;1122;0;53;0;240;0;86;0;0.7938041305796135;1122;0;53;0;240;0;86;0;0.8151232511658895;1098;0;77;0;152;0;174;0;0.8151232511658895;1098;0;77;0;152;0;174;0;
sel;random;0;false;false;alteration;11;0.6352431712191873;945;0;4;0;539;0;13;0;0.6352431712191873;945;0;4;0;539;0;13;0;0.7558294470353097;768;2;179;0;0;0;552;0;0.7558294470353097;768;2;179;0;0;0;552;0;
sel;accuracy;0;false;false;alteration;11;0.6352431712191873;945;0;4;0;539;0;13;0;0.6352431712191873;945;0;4;0;539;0;13;0;0.8231179213857428;771;3;77;98;1;0;253;298;0.8231179213857428;771;3;77;98;1;0;253;298;
sel;random;0;false;false;alteration;12;0.7248500999333778;1001;0;65;0;326;0;109;0;0.7248500999333778;1001;0;65;0;326;0;109;0;0.7475016655562958;745;0;321;0;2;0;433;0;0.7475016655562958;745;0;321;0;2;0;433;0;
sel;accuracy;0;false;false;alteration;12;0.7248500999333778;1001;0;65;0;326;0;109;0;0.7248500999333778;1001;0;65;0;326;0;109;0;0.7628247834776816;804;0;262;0;15;0;420;0;0.7628247834776816;804;0;262;0;15;0;420;0;
sel;random;0;false;false;alteration;13;0.0688622754491018;21;0;1;0;1317;0;164;0;0.0688622754491018;21;0;1;0;1317;0;164;0;0.5;0;0;22;0;0;0;1481;0;0.5;0;0;22;0;0;0;1481;0;
sel;accuracy;0;false;false;alteration;13;0.0688622754491018;21;0;1;0;1317;0;164;0;0.0688622754491018;21;0;1;0;1317;0;164;0;0.5;0;0;22;0;0;0;1481;0;0.5;0;0;22;0;0;0;1481;0;
sel;random;0;false;false;alteration;14;0.5902731512325117;774;52;89;4;501;11;68;2;0.5902731512325117;774;52;89;4;501;11;68;2;0.7258494337108594;791;0;128;0;113;0;469;0;0.7258494337108594;791;0;128;0;113;0;469;0;
sel;accuracy;0;false;false;alteration;14;0.5902731512325117;774;52;89;4;501;11;68;2;0.5902731512325117;774;52;89;4;501;11;68;2;0.7495003331112591;752;0;163;4;12;0;557;13;0.7495003331112591;752;0;163;4;12;0;557;13;
sel;random;0;false;false;alteration;15;0.6102598267821453;873;0;62;0;542;0;24;0;0.6102598267821453;873;0;62;0;542;0;24;0;0.7371752165223184;705;34;191;5;0;0;554;12;0.7371752165223184;705;34;191;5;0;0;554;12;
sel;accuracy;0;false;false;alteration;15;0.6102598267821453;873;0;62;0;542;0;24;0;0.6102598267821453;873;0;62;0;542;0;24;0;0.7475016655562958;747;0;188;0;4;0;562;0;0.7475016655562958;747;0;188;0;4;0;562;0;
sel;random;0;false;false;alteration;16;0.6052631578947368;908;0;1;0;592;0;0;0;0.6052631578947368;908;0;1;0;592;0;0;0;0.597601598934044;884;25;0;0;591;1;0;0;0.597601598934044;884;25;0;0;591;1;0;0;
sel;accuracy;0;false;false;alteration;16;0.6052631578947368;908;0;1;0;592;0;0;0;0.6052631578947368;908;0;1;0;592;0;0;0;0.6055962691538974;909;0;0;0;592;0;0;0;0.6055962691538974;909;0;0;0;592;0;0;0;
sel;random;0;false;false;alteration;17;0.6707723035952063;921;0;96;0;408;0;77;0;0.6707723035952063;921;0;96;0;408;0;77;0;0.6780958721704394;1004;3;10;0;469;0;16;0;0.6780958721704394;1004;3;10;0;469;0;16;0;
sel;accuracy;0;false;false;alteration;17;0.6707723035952063;921;0;96;0;408;0;77;0;0.6707723035952063;921;0;96;0;408;0;77;0;0.7569906790945407;779;0;238;0;7;0;478;0;0.7569906790945407;779;0;238;0;7;0;478;0;
sel;random;0;false;false;alteration;18;0.9280479680213192;1310;0;160;0;25;0;6;0;0.9280479680213192;1310;0;160;0;25;0;6;0;0.8817455029980014;1171;0;299;0;25;0;6;0;0.8817455029980014;1171;0;299;0;25;0;6;0;
sel;accuracy;0;false;false;alteration;18;0.9280479680213192;1310;0;160;0;25;0;6;0;0.9280479680213192;1310;0;160;0;25;0;6;0;0.9806795469686875;1470;0;0;0;27;0;4;0;0.9806795469686875;1470;0;0;0;27;0;4;0;
sel;random;0;false;false;alteration;19;0.12858094603597603;139;0;20;0;1254;27;61;0;0.12858094603597603;139;0;20;0;1254;27;61;0;0.22485009993337773;138;20;1;0;964;378;0;0;0.22485009993337773;138;20;1;0;964;378;0;0;
sel;accuracy;0;false;false;alteration;19;0.12858094603597603;139;0;20;0;1254;27;61;0;0.12858094603597603;139;0;20;0;1254;27;61;0;0.7341772151898733;0;0;86;73;0;0;566;776;0.7341772151898733;0;0;86;73;0;0;566;776;
sel;random;0;false;false;alteration;20;0.8454363757495004;1199;0;47;0;162;0;93;0;0.8454363757495004;1199;0;47;0;162;0;93;0;0.8451032644903398;1225;0;21;0;189;0;66;0;0.8451032644903398;1225;0;21;0;189;0;66;0;
sel;accuracy;0;false;false;alteration;20;0.8454363757495004;1199;0;47;0;162;0;93;0;0.8454363757495004;1199;0;47;0;162;0;93;0;0.8507661558960693;1171;0;75;0;118;0;137;0;0.8507661558960693;1171;0;75;0;118;0;137;0;
sel;random;0;false;false;alteration;21;0.41472351765489673;311;623;0;0;567;0;0;0;0.41472351765489673;311;623;0;0;567;0;0;0;0.41472351765489673;311;623;0;0;567;0;0;0;0.41472351765489673;311;623;0;0;567;0;0;0;
sel;accuracy;0;false;false;alteration;21;0.41472351765489673;311;623;0;0;567;0;0;0;0.41472351765489673;311;623;0;0;567;0;0;0;0.6195869420386408;926;8;0;0;567;0;0;0;0.6195869420386408;926;8;0;0;567;0;0;0;
sel;random;0;false;false;alteration;22;0.05622089155023287;3;0;4;0;1337;13;146;0;0.05622089155023287;3;0;4;0;1337;13;146;0;0.354956753160346;2;0;3;2;781;346;24;345;0.354956753160346;2;0;3;2;781;346;24;345;
sel;accuracy;0;false;false;alteration;22;0.05622089155023287;3;0;4;0;1337;13;146;0;0.05622089155023287;3;0;4;0;1337;13;146;0;0.9640718562874251;0;0;3;4;0;0;97;1399;0.9640718562874251;0;0;3;4;0;0;97;1399;
sel;random;0;false;false;alteration;23;0.20086608927381744;225;0;25;0;1123;9;119;0;0.20086608927381744;225;0;25;0;1123;9;119;0;0.5039973351099267;0;0;250;0;0;0;1239;12;0.5039973351099267;0;0;250;0;0;0;1239;12;
sel;accuracy;0;false;false;alteration;23;0.20086608927381744;225;0;25;0;1123;9;119;0;0.20086608927381744;225;0;25;0;1123;9;119;0;0.6705529646902065;0;0;199;51;0;0;688;563;0.6705529646902065;0;0;199;51;0;0;688;563;
sel;random;0;false;false;alteration;24;0.6198402130492676;931;0;0;0;571;0;0;0;0.6198402130492676;931;0;0;0;571;0;0;0;0.5;0;0;931;0;0;0;571;0;0.5;0;0;931;0;0;0;571;0;
sel;accuracy;0;false;false;alteration;24;0.6198402130492676;931;0;0;0;571;0;0;0;0.6198402130492676;931;0;0;0;571;0;0;0;0.7513315579227696;755;0;176;0;0;0;571;0;0.7513315579227696;755;0;176;0;0;0;571;0;
sel;random;0;false;false;alteration;25;0.6075949367088608;912;0;0;0;589;0;0;0;0.6075949367088608;912;0;0;0;589;0;0;0;0.5909393737508328;862;0;50;0;589;0;0;0;0.5909393737508328;862;0;50;0;589;0;0;0;
sel;accuracy;0;false;false;alteration;25;0.6075949367088608;912;0;0;0;589;0;0;0;0.6075949367088608;912;0;0;0;589;0;0;0;0.6075949367088608;912;0;0;0;589;0;0;0;0.6075949367088608;912;0;0;0;589;0;0;0;
sel;random;0;false;false;alteration;26;0.2621585609593604;4;9;3;0;718;591;176;0;0.2621585609593604;4;9;3;0;718;591;176;0;0.4940039973351099;2;11;3;0;20;730;735;0;0.4940039973351099;2;11;3;0;20;730;735;0;
sel;accuracy;0;false;false;alteration;26;0.2621585609593604;4;9;3;0;718;591;176;0;0.2621585609593604;4;9;3;0;718;591;176;0;0.9407061958694204;0;0;3;13;0;0;149;1336;0.9407061958694204;0;0;3;13;0;0;149;1336;
sel;random;0;false;false;alteration;27;0.6212524983344436;875;1;114;0;511;0;0;0;0.6212524983344436;875;1;114;0;511;0;0;0;0.39973351099267157;224;0;752;14;511;0;0;0;0.39973351099267157;224;0;752;14;511;0;0;0;
sel;accuracy;0;false;false;alteration;27;0.6212524983344436;875;1;114;0;511;0;0;0;0.6212524983344436;875;1;114;0;511;0;0;0;0.6818787475016655;721;1;268;0;175;0;336;0;0.6818787475016655;721;1;268;0;175;0;336;0;
sel;random;0;false;false;alteration;28;0.21718854097268486;260;7;17;1;1108;70;38;0;0.21718854097268486;260;7;17;1;1108;70;38;0;0.4893404397068621;4;0;281;0;41;3;1167;5;0.4893404397068621;4;0;281;0;41;3;1167;5;
sel;accuracy;0;false;false;alteration;28;0.21718854097268486;260;7;17;1;1108;70;38;0;0.21718854097268486;260;7;17;1;1108;70;38;0;0.8574283810792804;1;0;252;32;0;0;112;1104;0.8574283810792804;1;0;252;32;0;0;112;1104;
sel;random;0;false;false;alteration;29;0.6022651565622918;904;0;0;0;597;0;0;0;0.6022651565622918;904;0;0;0;597;0;0;0;0.4990006662225183;1;0;899;4;0;0;597;0;0.4990006662225183;1;0;899;4;0;0;597;0;
sel;accuracy;0;false;false;alteration;29;0.6022651565622918;904;0;0;0;597;0;0;0;0.6022651565622918;904;0;0;0;597;0;0;0;0.7395069953364424;719;0;185;0;0;0;597;0;0.7395069953364424;719;0;185;0;0;0;597;0;
sel;random;0;false;false;alteration;30;0.29580279813457694;338;6;40;0;953;21;141;2;0.29580279813457694;338;6;40;0;953;21;141;2;0.46768820786142573;314;3;67;0;413;18;684;2;0.46768820786142573;314;3;67;0;413;18;684;2;
sel;accuracy;0;false;false;alteration;30;0.29580279813457694;338;6;40;0;953;21;141;2;0.29580279813457694;338;6;40;0;953;21;141;2;0.7108594270486343;0;0;156;228;0;0;256;861;0.7108594270486343;0;0;156;228;0;0;256;861;
sel;random;0;false;false;alteration;31;0.6365756162558294;856;2;136;0;446;2;59;0;0.6365756162558294;856;2;136;0;446;2;59;0;0.6612258494337109;987;4;3;0;503;4;0;0;0.6612258494337109;987;4;3;0;503;4;0;0;
sel;accuracy;0;false;false;alteration;31;0.6365756162558294;856;2;136;0;446;2;59;0;0.6365756162558294;856;2;136;0;446;2;59;0;0.6665556295802798;988;4;2;0;488;15;4;0;0.6665556295802798;988;4;2;0;488;15;4;0;
sel;random;0;false;false;alteration;32;0.6200931470392548;932;0;0;0;571;0;0;0;0.6200931470392548;932;0;0;0;571;0;0;0;0.7455089820359282;736;0;196;0;0;0;569;2;0.7455089820359282;736;0;196;0;0;0;569;2;
sel;accuracy;0;false;false;alteration;32;0.6200931470392548;932;0;0;0;571;0;0;0;0.6200931470392548;932;0;0;0;571;0;0;0;0.8137059214903526;737;0;77;118;0;0;247;324;0.8137059214903526;737;0;77;118;0;0;247;324;
sel;random;0;false;false;alteration;33;0.6249167221852099;938;0;0;0;563;0;0;0;0.6249167221852099;938;0;0;0;563;0;0;0;0.6249167221852099;938;0;0;0;563;0;0;0;0.6249167221852099;938;0;0;0;563;0;0;0;
sel;accuracy;0;false;false;alteration;33;0.6249167221852099;938;0;0;0;563;0;0;0;0.6249167221852099;938;0;0;0;563;0;0;0;0.6249167221852099;938;0;0;0;563;0;0;0;0.6249167221852099;938;0;0;0;563;0;0;0;
sel;random;0;false;false;alteration;34;0.6255829447035309;939;0;0;0;562;0;0;0;0.6255829447035309;939;0;0;0;562;0;0;0;0.6255829447035309;939;0;0;0;562;0;0;0;0.6255829447035309;939;0;0;0;562;0;0;0;
sel;accuracy;0;false;false;alteration;34;0.6255829447035309;939;0;0;0;562;0;0;0;0.6255829447035309;939;0;0;0;562;0;0;0;0.6898734177215189;844;95;0;0;274;288;0;0;0.6898734177215189;844;95;0;0;274;288;0;0;
sel;random;0;false;false;alteration;35;0.6984021304926764;956;0;113;0;360;0;73;0;0.6984021304926764;956;0;113;0;360;0;73;0;0.5059920106524634;31;0;1038;0;13;0;420;0;0.5059920106524634;31;0;1038;0;13;0;420;0;
sel;accuracy;0;false;false;alteration;35;0.6984021304926764;956;0;113;0;360;0;73;0;0.6984021304926764;956;0;113;0;360;0;73;0;0.7729693741677763;877;0;192;0;57;0;376;0;0.7729693741677763;877;0;192;0;57;0;376;0;
sel;random;0;false;false;alteration;36;0.12749667110519308;0;0;1;0;1119;0;382;0;0.12749667110519308;0;0;1;0;1119;0;382;0;0.015312916111850865;0;0;1;0;1456;19;26;0;0.015312916111850865;0;0;1;0;1456;19;26;0;
sel;accuracy;0;false;false;alteration;36;0.12749667110519308;0;0;1;0;1119;0;382;0;0.12749667110519308;0;0;1;0;1119;0;382;0;0.511318242343542;0;0;1;0;0;0;1467;34;0.511318242343542;0;0;1;0;0;0;1467;34;
sel;random;0;false;false;alteration;37;0.6135153129161119;879;0;85;0;538;0;0;0;0.6135153129161119;879;0;85;0;538;0;0;0;0.3924766977363516;215;0;749;0;538;0;0;0;0.3924766977363516;215;0;749;0;538;0;0;0;
sel;accuracy;0;false;false;alteration;37;0.6135153129161119;879;0;85;0;538;0;0;0;0.6135153129161119;879;0;85;0;538;0;0;0;0.7013981358189081;758;0;206;0;153;0;385;0;0.7013981358189081;758;0;206;0;153;0;385;0;
sel;random;0;false;false;alteration;38;0.8994003997335109;1262;0;176;0;63;0;0;0;0.8994003997335109;1262;0;176;0;63;0;0;0;0.6918720852764824;641;0;795;2;63;0;0;0;0.6918720852764824;641;0;795;2;63;0;0;0;
sel;accuracy;0;false;false;alteration;38;0.8994003997335109;1262;0;176;0;63;0;0;0;0.8994003997335109;1262;0;176;0;63;0;0;0;0.9580279813457695;1438;0;0;0;63;0;0;0;0.9580279813457695;1438;0;0;0;63;0;0;0;
sel;random;0;false;false;alteration;39;0.28828229027962715;401;0;24;0;1037;14;26;0;0.28828229027962715;401;0;24;0;1037;14;26;0;0.5772303595206392;341;53;31;0;109;956;12;0;0.5772303595206392;341;53;31;0;109;956;12;0;
sel;accuracy;0;false;false;alteration;39;0.28828229027962715;401;0;24;0;1037;14;26;0;0.28828229027962715;401;0;24;0;1037;14;26;0;0.8012649800266312;0;0;367;58;0;0;114;963;0.8012649800266312;0;0;367;58;0;0;114;963;
sel;random;0;false;false;alteration;40;0.6205059920106525;932;0;0;0;570;0;0;0;0.6205059920106525;932;0;0;0;570;0;0;0;0.4973368841544607;0;0;924;8;0;0;570;0;0.4973368841544607;0;0;924;8;0;0;570;0;
sel;accuracy;0;false;false;alteration;40;0.6205059920106525;932;0;0;0;570;0;0;0;0.6205059920106525;932;0;0;0;570;0;0;0;0.7503328894806924;752;0;180;0;0;0;570;0;0.7503328894806924;752;0;180;0;0;0;570;0;
sel;random;0;false;false;alteration;41;0.6135909393737509;921;0;0;0;580;0;0;0;0.6135909393737509;921;0;0;0;580;0;0;0;0.6135909393737509;921;0;0;0;580;0;0;0;0.6135909393737509;921;0;0;0;580;0;0;0;
sel;accuracy;0;false;false;alteration;41;0.6135909393737509;921;0;0;0;580;0;0;0;0.6135909393737509;921;0;0;0;580;0;0;0;0.7428381079280479;729;0;192;0;0;0;580;0;0.7428381079280479;729;0;192;0;0;0;580;0;
sel;random;0;false;false;alteration;42;0.6212524983344436;931;0;3;0;567;0;0;0;0.6212524983344436;931;0;3;0;567;0;0;0;0.5289806795469687;424;0;510;0;337;0;230;0;0.5289806795469687;424;0;510;0;337;0;230;0;
sel;accuracy;0;false;false;alteration;42;0.6212524983344436;931;0;3;0;567;0;0;0;0.6212524983344436;931;0;3;0;567;0;0;0;0.6222518321119254;934;0;0;0;567;0;0;0;0.6222518321119254;934;0;0;0;567;0;0;0;
sel;random;0;false;false;alteration;43;0.8231179213857428;1138;0;138;0;168;0;57;0;0.8231179213857428;1138;0;138;0;168;0;57;0;0.5266489007328448;91;0;1185;0;11;0;214;0;0.5266489007328448;91;0;1185;0;11;0;214;0;
sel;accuracy;0;false;false;alteration;43;0.8231179213857428;1138;0;138;0;168;0;57;0;0.8231179213857428;1138;0;138;0;168;0;57;0;0.8644237175216523;1222;0;54;0;128;0;97;0;0.8644237175216523;1222;0;54;0;128;0;97;0;
sel;random;0;false;false;alteration;44;0.5119840213049267;765;7;0;0;729;1;0;0;0.5119840213049267;765;7;0;0;729;1;0;0;0.5136484687083889;762;10;0;0;721;9;0;0;0.5136484687083889;762;10;0;0;721;9;0;0;
sel;accuracy;0;false;false;alteration;44;0.5119840213049267;765;7;0;0;729;1;0;0;0.5119840213049267;765;7;0;0;729;1;0;0;0.5239680426098535;547;225;0;0;475;255;0;0;0.5239680426098535;547;225;0;0;475;255;0;0;
sel;random;0;false;false;alteration;45;0.6171770972037284;927;0;0;0;575;0;0;0;0.6171770972037284;927;0;0;0;575;0;0;0;0.8122503328894807;758;0;64;105;0;0;290;285;0.8122503328894807;758;0;64;105;0;0;290;285;
sel;accuracy;0;false;false;alteration;45;0.6171770972037284;927;0;0;0;575;0;0;0;0.6171770972037284;927;0;0;0;575;0;0;0;0.8122503328894807;758;0;64;105;0;0;290;285;0.8122503328894807;758;0;64;105;0;0;290;285;
sel;random;0;false;false;alteration;46;0.6155126498002663;892;0;40;0;545;0;25;0;0.6155126498002663;892;0;40;0;545;0;25;0;0.6205059920106525;932;0;0;0;570;0;0;0;0.6205059920106525;932;0;0;0;570;0;0;0;
sel;accuracy;0;false;false;alteration;46;0.6155126498002663;892;0;40;0;545;0;25;0;0.6155126498002663;892;0;40;0;545;0;25;0;0.6800932090545939;835;0;97;0;294;0;276;0;0.6800932090545939;835;0;97;0;294;0;276;0;
sel;random;0;false;false;alteration;47;0.9243837441705529;1323;3;126;1;48;0;0;0;0.9243837441705529;1323;3;126;1;48;0;0;0;0.7081945369753497;697;7;724;25;47;0;1;0;0.7081945369753497;697;7;724;25;47;0;1;0;
sel;accuracy;0;false;false;alteration;47;0.9243837441705529;1323;3;126;1;48;0;0;0;0.9243837441705529;1323;3;126;1;48;0;0;0;0.9663557628247834;1448;4;1;0;48;0;0;0;0.9663557628247834;1448;4;1;0;48;0;0;0;
sel;random;0;false;false;alteration;48;0.9051264980026631;1242;3;231;0;25;0;1;0;0.9051264980026631;1242;3;231;0;25;0;1;0;0.9793608521970706;1466;10;0;0;26;0;0;0;0.9793608521970706;1466;10;0;0;26;0;0;0;
sel;accuracy;0;false;false;alteration;48;0.9051264980026631;1242;3;231;0;25;0;1;0;0.9051264980026631;1242;3;231;0;25;0;1;0;0.9816910785619175;1473;3;0;0;26;0;0;0;0.9816910785619175;1473;3;0;0;26;0;0;0;
sel;random;0;false;false;alteration;49;0.06158455392809587;4;0;0;0;1321;12;165;0;0.06158455392809587;4;0;0;0;1321;12;165;0;0.06424766977363516;4;0;0;0;1315;65;116;2;0.06424766977363516;4;0;0;0;1315;65;116;2;
sel;accuracy;0;false;false;alteration;49;0.06158455392809587;4;0;0;0;1321;12;165;0;0.06158455392809587;4;0;0;0;1321;12;165;0;0.9946737683089215;0;0;0;4;0;0;8;1490;0.9946737683089215;0;0;0;4;0;0;8;1490;
sel;random;0;false;false;alteration;50;0.6251664447403462;939;0;0;0;563;0;0;0;0.6251664447403462;939;0;0;0;563;0;0;0;0.6251664447403462;939;0;0;0;563;0;0;0;0.6251664447403462;939;0;0;0;563;0;0;0;
sel;accuracy;0;false;false;alteration;50;0.6251664447403462;939;0;0;0;563;0;0;0;0.6251664447403462;939;0;0;0;563;0;0;0;0.6251664447403462;939;0;0;0;563;0;0;0;0.6251664447403462;939;0;0;0;563;0;0;0;
sel;random;0;false;false;alteration;51;0.08827448367754831;5;0;4;0;1244;37;208;3;0.08827448367754831;5;0;4;0;1244;37;208;3;0.7205196535642905;5;0;3;1;65;679;25;723;0.7205196535642905;5;0;3;1;65;679;25;723;
sel;accuracy;0;false;false;alteration;51;0.08827448367754831;5;0;4;0;1244;37;208;3;0.08827448367754831;5;0;4;0;1244;37;208;3;0.9873417721518987;0;0;4;5;0;0;24;1468;0.9873417721518987;0;0;4;5;0;0;24;1468;
sel;random;0;false;false;alteration;52;0.9324234354194407;1351;1;84;0;52;0;14;0;0.9324234354194407;1351;1;84;0;52;0;14;0;0.9513981358189081;1407;10;19;0;51;4;11;0;0.9513981358189081;1407;10;19;0;51;4;11;0;
sel;accuracy;0;false;false;alteration;52;0.9324234354194407;1351;1;84;0;52;0;14;0;0.9324234354194407;1351;1;84;0;52;0;14;0;0.9563914780292944;1433;1;2;0;62;0;4;0;0.9563914780292944;1433;1;2;0;62;0;4;0;
sel;random;0;false;false;alteration;53;0.6209193870752832;932;0;0;0;569;0;0;0;0.6209193870752832;932;0;0;0;569;0;0;0;0.6235842771485676;923;9;0;0;552;17;0;0;0.6235842771485676;923;9;0;0;552;17;0;0;
sel;accuracy;0;false;false;alteration;53;0.6209193870752832;932;0;0;0;569;0;0;0;0.6209193870752832;932;0;0;0;569;0;0;0;0.6895403064623584;828;104;0;0;259;310;0;0;0.6895403064623584;828;104;0;0;259;310;0;0;
sel;random;0;false;false;alteration;54;0.6042638241172552;907;0;0;0;594;0;0;0;0.6042638241172552;907;0;0;0;594;0;0;0;0.6042638241172552;907;0;0;0;594;0;0;0;0.6042638241172552;907;0;0;0;594;0;0;0;
sel;accuracy;0;false;false;alteration;54;0.6042638241172552;907;0;0;0;594;0;0;0;0.6042638241172552;907;0;0;0;594;0;0;0;0.6042638241172552;907;0;0;0;594;0;0;0;0.6042638241172552;907;0;0;0;594;0;0;0;
sel;random;0;false;false;alteration;55;0.34443704197201863;472;0;62;0;939;3;25;0;0.34443704197201863;472;0;62;0;939;3;25;0;0.3970686209193871;204;17;278;35;540;102;263;62;0.3970686209193871;204;17;278;35;540;102;263;62;
sel;accuracy;0;false;false;alteration;55;0.34443704197201863;472;0;62;0;939;3;25;0;0.34443704197201863;472;0;62;0;939;3;25;0;0.616588940706196;0;0;274;260;0;0;357;610;0.616588940706196;0;0;274;260;0;0;357;610;
sel;random;0;false;false;alteration;56;0.2028647568287808;154;0;105;0;1046;0;196;0;0.2028647568287808;154;0;105;0;1046;0;196;0;0.1798800799467022;231;2;26;0;1192;43;7;0;0.1798800799467022;231;2;26;0;1192;43;7;0;
sel;accuracy;0;false;false;alteration;56;0.2028647568287808;154;0;105;0;1046;0;196;0;0.2028647568287808;154;0;105;0;1046;0;196;0;0.7078614257161893;0;0;153;106;0;0;512;730;0.7078614257161893;0;0;153;106;0;0;512;730;
sel;random;0;false;false;alteration;57;0.6299133910726182;867;0;82;0;477;0;75;0;0.6299133910726182;867;0;82;0;477;0;75;0;0.5;0;0;949;0;0;0;552;0;0.5;0;0;949;0;0;0;552;0;
sel;accuracy;0;false;false;alteration;57;0.6299133910726182;867;0;82;0;477;0;75;0;0.6299133910726182;867;0;82;0;477;0;75;0;0.7544970019986675;765;0;184;0;1;0;551;0;0.7544970019986675;765;0;184;0;1;0;551;0;
sel;random;0;false;false;alteration;58;0.14014647137150466;0;0;17;0;1086;7;387;5;0.14014647137150466;0;0;17;0;1086;7;387;5;0.8671770972037284;0;0;9;8;1;4;368;1112;0.8671770972037284;0;0;9;8;1;4;368;1112;
sel;accuracy;0;false;false;alteration;58;0.14014647137150466;0;0;17;0;1086;7;387;5;0.14014647137150466;0;0;17;0;1086;7;387;5;0.8831557922769641;0;0;9;8;0;0;326;1159;0.8831557922769641;0;0;9;8;0;0;326;1159;
sel;random;0;false;false;alteration;59;0.2475016655562958;0;0;1;0;833;316;276;75;0.2475016655562958;0;0;1;0;833;316;276;75;0.03930712858094604;0;0;1;0;1383;76;41;0;0.03930712858094604;0;0;1;0;1383;76;41;0;
sel;accuracy;0;false;false;alteration;59;0.2475016655562958;0;0;1;0;833;316;276;75;0.2475016655562958;0;0;1;0;833;316;276;75;0.9966688874083944;0;0;1;0;0;0;9;1491;0.9966688874083944;0;0;1;0;0;0;9;1491;
sel;random;0;false;false;alteration;60;0.7898067954696868;1115;0;141;0;245;0;0;0;0.7898067954696868;1115;0;141;0;245;0;0;0;0.5759493670886076;486;0;757;13;245;0;0;0;0.5759493670886076;486;0;757;13;245;0;0;0;
sel;accuracy;0;false;false;alteration;60;0.7898067954696868;1115;0;141;0;245;0;0;0;0.7898067954696868;1115;0;141;0;245;0;0;0;0.8334443704197202;1246;0;10;0;245;0;0;0;0.8334443704197202;1246;0;10;0;245;0;0;0;
sel;random;0;false;false;alteration;61;0.6378162450066578;953;10;0;0;539;0;0;0;0.6378162450066578;953;10;0;0;539;0;0;0;0.5732356857523302;505;458;0;0;285;254;0;0;0.5732356857523302;505;458;0;0;285;254;0;0;
sel;accuracy;0;false;false;alteration;61;0.6378162450066578;953;10;0;0;539;0;0;0;0.6378162450066578;953;10;0;0;539;0;0;0;0.6398135818908123;959;4;0;0;539;0;0;0;0.6398135818908123;959;4;0;0;539;0;0;0;
sel;random;0;false;false;alteration;62;0.6335776149233844;951;0;0;0;550;0;0;0;0.6335776149233844;951;0;0;0;550;0;0;0;0.5939373750832778;832;119;0;0;550;0;0;0;0.5939373750832778;832;119;0;0;550;0;0;0;
sel;accuracy;0;false;false;alteration;62;0.6335776149233844;951;0;0;0;550;0;0;0;0.6335776149233844;951;0;0;0;550;0;0;0;0.6335776149233844;951;0;0;0;550;0;0;0;0.6335776149233844;951;0;0;0;550;0;0;0;
sel;random;0;false;false;alteration;63;0.6194278110445776;931;0;0;0;572;0;0;0;0.6194278110445776;931;0;0;0;572;0;0;0;0.6194278110445776;931;0;0;0;572;0;0;0;0.6194278110445776;931;0;0;0;572;0;0;0;
sel;accuracy;0;false;false;alteration;63;0.6194278110445776;931;0;0;0;572;0;0;0;0.6194278110445776;931;0;0;0;572;0;0;0;0.6194278110445776;931;0;0;0;572;0;0;0;0.6194278110445776;931;0;0;0;572;0;0;0;
sel;random;0;false;false;alteration;64;0.2896138482023968;284;2;85;0;918;6;205;2;0.2896138482023968;284;2;85;0;918;6;205;2;0.2480026631158455;371;0;0;0;1128;3;0;0;0.2480026631158455;371;0;0;0;1128;3;0;0;
sel;accuracy;0;false;false;alteration;64;0.2896138482023968;284;2;85;0;918;6;205;2;0.2896138482023968;284;2;85;0;918;6;205;2;0.6521304926764314;0;0;176;195;0;0;479;652;0.6521304926764314;0;0;176;195;0;0;479;652;
sel;random;0;false;false;alteration;65;0.6312458361092605;942;0;11;0;548;0;0;0;0.6312458361092605;942;0;11;0;548;0;0;0;0.5526315789473684;708;20;223;2;548;0;0;0;0.5526315789473684;708;20;223;2;548;0;0;0;
sel;accuracy;0;false;false;alteration;65;0.6312458361092605;942;0;11;0;548;0;0;0;0.6312458361092605;942;0;11;0;548;0;0;0;0.6349100599600267;953;0;0;0;548;0;0;0;0.6349100599600267;953;0;0;0;548;0;0;0;
sel;random;0;false;false;alteration;66;0.6082611592271818;906;13;0;0;581;1;0;0;0.6082611592271818;906;13;0;0;581;1;0;0;0.608927381745503;908;11;0;0;581;1;0;0;0.608927381745503;908;11;0;0;581;1;0;0;
sel;accuracy;0;false;false;alteration;66;0.6082611592271818;906;13;0;0;581;1;0;0;0.6082611592271818;906;13;0;0;581;1;0;0;0.6132578281145902;869;50;0;0;529;53;0;0;0.6132578281145902;869;50;0;0;529;53;0;0;
sel;random;0;false;false;alteration;67;0.6425716189207196;958;5;0;0;530;8;0;0;0.6425716189207196;958;5;0;0;530;8;0;0;0.7278481012658228;854;109;0;0;170;368;0;0;0.7278481012658228;854;109;0;0;170;368;0;0;
sel;accuracy;0;false;false;alteration;67;0.6425716189207196;958;5;0;0;530;8;0;0;0.6425716189207196;958;5;0;0;530;8;0;0;0.7365089940039973;842;121;0;0;132;406;0;0;0.7365089940039973;842;121;0;0;132;406;0;0;
sel;random;0;false;false;alteration;68;0.06795469686875417;3;0;1;0;1300;2;195;0;0.06795469686875417;3;0;1;0;1300;2;195;0;0.4930046635576283;1;2;1;0;22;747;728;0;0.4930046635576283;1;2;1;0;22;747;728;0;
sel;accuracy;0;false;false;alteration;68;0.06795469686875417;3;0;1;0;1300;2;195;0;0.06795469686875417;3;0;1;0;1300;2;195;0;0.9800133244503664;0;0;2;2;0;0;54;1443;0.9800133244503664;0;0;2;2;0;0;54;1443;
sel;random;0;false;false;alteration;69;0.06962025316455697;8;0;4;0;1300;2;187;0;0.06962025316455697;8;0;4;0;1300;2;187;0;0.25949367088607594;8;0;4;0;747;0;725;17;0.25949367088607594;8;0;4;0;747;0;725;17;
sel;accuracy;0;false;false;alteration;69;0.06962025316455697;8;0;4;0;1300;2;187;0;0.06962025316455697;8;0;4;0;1300;2;187;0;0.7111925383077948;0;0;6;6;0;0;849;640;0.7111925383077948;0;0;6;6;0;0;849;640;
sel;random;0;false;false;alteration;70;0.0776149233844104;106;0;6;0;1374;12;3;0;0.0776149233844104;106;0;6;0;1374;12;3;0;0.09293804130579614;62;0;50;0;1284;4;101;0;0.09293804130579614;62;0;50;0;1284;4;101;0;
sel;accuracy;0;false;false;alteration;70;0.0776149233844104;106;0;6;0;1374;12;3;0;0.0776149233844104;106;0;6;0;1374;12;3;0;0.9403730846102598;0;0;99;13;0;0;54;1335;0.9403730846102598;0;0;99;13;0;0;54;1335;
sel;random;0;false;false;alteration;71;0.0669553630912725;0;0;1;0;1300;0;200;0;0.0669553630912725;0;0;1;0;1300;0;200;0;0.24716855429713525;0;0;1;0;759;0;741;0;0.24716855429713525;0;0;1;0;759;0;741;0;
sel;accuracy;0;false;false;alteration;71;0.0669553630912725;0;0;1;0;1300;0;200;0;0.0669553630912725;0;0;1;0;1300;0;200;0;0.5;0;0;1;0;0;0;1500;0;0.5;0;0;1;0;0;0;1500;0;
sel;random;0;false;false;alteration;72;0.6125916055962691;919;0;1;0;581;0;0;0;0.6125916055962691;919;0;1;0;581;0;0;0;0.6052631578947368;897;0;23;0;581;0;0;0;0.6052631578947368;897;0;23;0;581;0;0;0;
sel;accuracy;0;false;false;alteration;72;0.6125916055962691;919;0;1;0;581;0;0;0;0.6125916055962691;919;0;1;0;581;0;0;0;0.6129247168554297;920;0;0;0;581;0;0;0;0.6129247168554297;920;0;0;0;581;0;0;0;
sel;random;0;false;false;alteration;73;0.6567909454061251;919;0;135;0;448;0;0;0;0.6567909454061251;919;0;135;0;448;0;0;0;0.6584553928095872;926;20;105;3;447;1;0;0;0.6584553928095872;926;20;105;3;447;1;0;0;
sel;accuracy;0;false;false;alteration;73;0.6567909454061251;919;0;135;0;448;0;0;0;0.6567909454061251;919;0;135;0;448;0;0;0;0.7380159786950733;769;0;285;0;54;1;393;0;0.7380159786950733;769;0;285;0;54;1;393;0;
sel;random;0;false;false;alteration;74;0.6148468708388815;914;18;0;0;569;1;0;0;0.6148468708388815;914;18;0;0;569;1;0;0;0.6205059920106525;932;0;0;0;570;0;0;0;0.6205059920106525;932;0;0;0;570;0;0;0;
sel;accuracy;0;false;false;alteration;74;0.6148468708388815;914;18;0;0;569;1;0;0;0.6148468708388815;914;18;0;0;569;1;0;0;0.6208388814913448;932;0;0;0;569;1;0;0;0.6208388814913448;932;0;0;0;569;1;0;0;
sel;random;0;false;false;alteration;75;0.6069287141905396;900;22;0;0;579;0;0;0;0.6069287141905396;900;22;0;0;579;0;0;0;0.5173217854763491;614;308;0;0;562;17;0;0;0.5173217854763491;614;308;0;0;562;17;0;0;
sel;accuracy;0;false;false;alteration;75;0.6069287141905396;900;22;0;0;579;0;0;0;0.6069287141905396;900;22;0;0;579;0;0;0;0.6139240506329113;921;1;0;0;579;0;0;0;0.6139240506329113;921;1;0;0;579;0;0;0;
sel;random;0;false;false;alteration;76;0.10252996005326231;0;0;5;0;1194;0;303;0;0.10252996005326231;0;0;5;0;1194;0;303;0;0.4640479360852197;0;0;5;0;108;0;1389;0;0.4640479360852197;0;0;5;0;108;0;1389;0;
sel;accuracy;0;false;false;alteration;76;0.10252996005326231;0;0;5;0;1194;0;303;0;0.10252996005326231;0;0;5;0;1194;0;303;0;0.7856191744340879;0;0;4;1;0;0;638;859;0.7856191744340879;0;0;4;1;0;0;638;859;
sel;random;0;false;false;alteration;77;0.6498002663115846;976;0;0;0;526;0;0;0;0.6498002663115846;976;0;0;0;526;0;0;0;0.6494673768308922;975;1;0;0;526;0;0;0;0.6494673768308922;975;1;0;0;526;0;0;0;
sel;accuracy;0;false;false;alteration;77;0.6498002663115846;976;0;0;0;526;0;0;0;0.6498002663115846;976;0;0;0;526;0;0;0;0.6498002663115846;976;0;0;0;526;0;0;0;0.6498002663115846;976;0;0;0;526;0;0;0;
sel;random;0;false;false;alteration;78;0.7121918720852765;846;101;0;0;209;345;0;0;0.7121918720852765;846;101;0;0;209;345;0;0;0.631578947368421;947;0;0;0;552;2;0;0;0.631578947368421;947;0;0;0;552;2;0;0;
sel;accuracy;0;false;false;alteration;78;0.7121918720852765;846;101;0;0;209;345;0;0;0.7121918720852765;846;101;0;0;209;345;0;0;0.7201865423051299;822;125;0;0;161;393;0;0;0.7201865423051299;822;125;0;0;161;393;0;0;
sel;random;0;false;false;alteration;79;0.6245836109260493;897;0;81;0;523;0;0;0;0.6245836109260493;897;0;81;0;523;0;0;0;0.5;0;0;978;0;0;0;523;0;0.5;0;0;978;0;0;0;523;0;
sel;accuracy;0;false;false;alteration;79;0.6245836109260493;897;0;81;0;523;0;0;0;0.6245836109260493;897;0;81;0;523;0;0;0;0.6775483011325782;735;0;243;0;202;0;321;0;0.6775483011325782;735;0;243;0;202;0;321;0;
sel;random;0;false;false;alteration;80;0.8841544607190412;1271;0;114;0;117;0;0;0;0.8841544607190412;1271;0;114;0;117;0;0;0;0.5006657789613849;6;0;1379;0;4;0;113;0;0.5006657789613849;6;0;1379;0;4;0;113;0;
sel;accuracy;0;false;false;alteration;80;0.8841544607190412;1271;0;114;0;117;0;0;0;0.8841544607190412;1271;0;114;0;117;0;0;0;0.9214380825565912;1383;0;2;0;117;0;0;0;0.9214380825565912;1383;0;2;0;117;0;0;0;
sel;random;0;false;false;alteration;81;0.6347305389221557;954;0;0;0;549;0;0;0;0.6347305389221557;954;0;0;0;549;0;0;0;0.6320691949434465;946;8;0;0;549;0;0;0;0.6320691949434465;946;8;0;0;549;0;0;0;
sel;accuracy;0;false;false;alteration;81;0.6347305389221557;954;0;0;0;549;0;0;0;0.6347305389221557;954;0;0;0;549;0;0;0;0.7029274783765802;853;101;0;0;243;306;0;0;0.7029274783765802;853;101;0;0;243;306;0;0;
sel;random;0;false;false;alteration;82;0.6155896069287142;924;0;0;0;577;0;0;0;0.6155896069287142;924;0;0;0;577;0;0;0;0.6155896069287142;924;0;0;0;577;0;0;0;0.6155896069287142;924;0;0;0;577;0;0;0;
sel;accuracy;0;false;false;alteration;82;0.6155896069287142;924;0;0;0;577;0;0;0;0.6155896069287142;924;0;0;0;577;0;0;0;0.6155896069287142;924;0;0;0;577;0;0;0;0.6155896069287142;924;0;0;0;577;0;0;0;
sel;random;0;false;false;alteration;83;0.06962025316455696;11;0;2;0;1303;4;181;0;0.06962025316455696;11;0;2;0;1303;4;181;0;0.03597601598934044;11;0;2;0;1404;41;43;0;0.03597601598934044;11;0;2;0;1404;41;43;0;
sel;accuracy;0;false;false;alteration;83;0.06962025316455696;11;0;2;0;1303;4;181;0;0.06962025316455696;11;0;2;0;1303;4;181;0;0.7838107928047968;0;0;9;4;0;0;632;856;0.7838107928047968;0;0;9;4;0;0;632;856;
sel;random;0;false;false;alteration;84;0.5905459387483355;887;0;0;0;615;0;0;0;0.5905459387483355;887;0;0;0;615;0;0;0;0.5905459387483355;887;0;0;0;615;0;0;0;0.5905459387483355;887;0;0;0;615;0;0;0;
sel;accuracy;0;false;false;alteration;84;0.5905459387483355;887;0;0;0;615;0;0;0;0.5905459387483355;887;0;0;0;615;0;0;0;0.6677762982689747;795;92;0;0;291;324;0;0;0.6677762982689747;795;92;0;0;291;324;0;0;
sel;random;0;false;false;alteration;85;0.1279147235176549;3;0;0;0;1132;201;153;12;0.1279147235176549;3;0;0;0;1132;201;153;12;0.262491672218521;3;0;0;0;745;637;87;29;0.262491672218521;3;0;0;0;745;637;87;29;
sel;accuracy;0;false;false;alteration;85;0.1279147235176549;3;0;0;0;1132;201;153;12;0.1279147235176549;3;0;0;0;1132;201;153;12;0.9950033311125916;0;0;0;3;0;0;9;1489;0.9950033311125916;0;0;0;3;0;0;9;1489;
sel;random;0;false;false;alteration;86;0.1345769487008661;25;0;2;0;1140;155;161;18;0.1345769487008661;25;0;2;0;1140;155;161;18;0.31812125249833445;5;0;22;0;637;0;751;86;0.31812125249833445;5;0;22;0;637;0;751;86;
sel;accuracy;0;false;false;alteration;86;0.1345769487008661;25;0;2;0;1140;155;161;18;0.1345769487008661;25;0;2;0;1140;155;161;18;0.9780146568954031;0;0;22;5;0;0;34;1440;0.9780146568954031;0;0;22;5;0;0;34;1440;
sel;random;0;false;false;alteration;87;0.6142571618920719;922;0;0;0;579;0;0;0;0.6142571618920719;922;0;0;0;579;0;0;0;0.6142571618920719;922;0;0;0;579;0;0;0;0.6142571618920719;922;0;0;0;579;0;0;0;
sel;accuracy;0;false;false;alteration;87;0.6142571618920719;922;0;0;0;579;0;0;0;0.6142571618920719;922;0;0;0;579;0;0;0;0.6142571618920719;922;0;0;0;579;0;0;0;0.6142571618920719;922;0;0;0;579;0;0;0;
sel;random;0;false;false;alteration;88;0.0709526982011992;4;0;1;0;1294;17;183;2;0.0709526982011992;4;0;1;0;1294;17;183;2;0.5266489007328448;0;0;4;1;10;1393;2;91;0.5266489007328448;0;0;4;1;10;1393;2;91;
sel;accuracy;0;false;false;alteration;88;0.0709526982011992;4;0;1;0;1294;17;183;2;0.0709526982011992;4;0;1;0;1294;17;183;2;0.9250499666888741;0;0;3;2;0;213;5;1278;0.9250499666888741;0;0;3;2;0;213;5;1278;
sel;random;0;false;false;alteration;89;0.6301597869507324;946;0;1;0;555;0;0;0;0.6301597869507324;946;0;1;0;555;0;0;0;0.6304926764314248;947;0;0;0;555;0;0;0;0.6304926764314248;947;0;0;0;555;0;0;0;
sel;accuracy;0;false;false;alteration;89;0.6301597869507324;946;0;1;0;555;0;0;0;0.6301597869507324;946;0;1;0;555;0;0;0;0.6304926764314248;947;0;0;0;555;0;0;0;0.6304926764314248;947;0;0;0;555;0;0;0;
sel;random;0;false;false;alteration;90;0.5942704863424384;892;0;0;0;609;0;0;0;0.5942704863424384;892;0;0;0;609;0;0;0;0.5942704863424384;892;0;0;0;609;0;0;0;0.5942704863424384;892;0;0;0;609;0;0;0;
sel;accuracy;0;false;false;alteration;90;0.5942704863424384;892;0;0;0;609;0;0;0;0.5942704863424384;892;0;0;0;609;0;0;0;0.5942704863424384;892;0;0;0;609;0;0;0;0.5942704863424384;892;0;0;0;609;0;0;0;
sel;random;0;false;false;alteration;91;0.5799467021985343;779;2;179;0;539;1;1;0;0.5799467021985343;779;2;179;0;539;1;1;0;0.37874750166555626;203;0;721;36;532;0;8;1;0.37874750166555626;203;0;721;36;532;0;8;1;
sel;accuracy;0;false;false;alteration;91;0.5799467021985343;779;2;179;0;539;1;1;0;0.5799467021985343;779;2;179;0;539;1;1;0;0.6882078614257161;581;3;375;1;20;1;515;5;0.6882078614257161;581;3;375;1;20;1;515;5;
sel;random;0;false;false;alteration;92;0.10286284953395472;9;0;3;0;1202;0;288;0;0.10286284953395472;9;0;3;0;1202;0;288;0;0.18874833555259654;10;2;0;0;946;543;0;1;0.18874833555259654;10;2;0;0;946;543;0;1;
sel;accuracy;0;false;false;alteration;92;0.10286284953395472;9;0;3;0;1202;0;288;0;0.10286284953395472;9;0;3;0;1202;0;288;0;0.9011318242343542;0;0;4;8;0;0;277;1213;0.9011318242343542;0;0;4;8;0;0;277;1213;
sel;random;0;false;false;alteration;93;0.6295802798134577;945;0;0;0;556;0;0;0;0.6295802798134577;945;0;0;0;556;0;0;0;0.6295802798134577;945;0;0;0;556;0;0;0;0.6295802798134577;945;0;0;0;556;0;0;0;
sel;accuracy;0;false;false;alteration;93;0.6295802798134577;945;0;0;0;556;0;0;0;0.6295802798134577;945;0;0;0;556;0;0;0;0.6295802798134577;945;0;0;0;556;0;0;0;0.6295802798134577;945;0;0;0;556;0;0;0;
sel;random;0;false;false;alteration;94;0.6189207195203198;929;0;0;0;572;0;0;0;0.6189207195203198;929;0;0;0;572;0;0;0;0.6189207195203198;929;0;0;0;572;0;0;0;0.6189207195203198;929;0;0;0;572;0;0;0;
sel;accuracy;0;false;false;alteration;94;0.6189207195203198;929;0;0;0;572;0;0;0;0.6189207195203198;929;0;0;0;572;0;0;0;0.6189207195203198;929;0;0;0;572;0;0;0;0.6189207195203198;929;0;0;0;572;0;0;0;
sel;random;0;false;false;alteration;95;0.6321571238348869;930;0;33;0;533;0;6;0;0.6321571238348869;930;0;33;0;533;0;6;0;0.6864181091877497;913;0;50;0;353;0;186;0;0.6864181091877497;913;0;50;0;353;0;186;0;
sel;accuracy;0;false;false;alteration;95;0.6321571238348869;930;0;33;0;533;0;6;0;0.6321571238348869;930;0;33;0;533;0;6;0;0.7576564580559255;774;0;189;0;0;0;539;0;0.7576564580559255;774;0;189;0;0;0;539;0;
sel;random;0;false;false;alteration;96;0.6242504996668887;937;0;0;0;564;0;0;0;0.6242504996668887;937;0;0;0;564;0;0;0;0.6242504996668887;937;0;0;0;564;0;0;0;0.6242504996668887;937;0;0;0;564;0;0;0;
sel;accuracy;0;false;false;alteration;96;0.6242504996668887;937;0;0;0;564;0;0;0;0.6242504996668887;937;0;0;0;564;0;0;0;0.6242504996668887;937;0;0;0;564;0;0;0;0.6242504996668887;937;0;0;0;564;0;0;0;
sel;random;0;false;false;alteration;97;0.6289140572951366;944;0;0;0;557;0;0;0;0.6289140572951366;944;0;0;0;557;0;0;0;0.6182544970019987;906;38;0;0;551;6;0;0;0.6182544970019987;906;38;0;0;551;6;0;0;
sel;accuracy;0;false;false;alteration;97;0.6289140572951366;944;0;0;0;557;0;0;0;0.6289140572951366;944;0;0;0;557;0;0;0;0.6289140572951366;944;0;0;0;557;0;0;0;0.6289140572951366;944;0;0;0;557;0;0;0;
sel;random;0;false;false;alteration;98;0.5992010652463382;900;0;0;0;602;0;0;0;0.5992010652463382;900;0;0;0;602;0;0;0;0.5992010652463382;900;0;0;0;602;0;0;0;0.5992010652463382;900;0;0;0;602;0;0;0;
sel;accuracy;0;false;false;alteration;98;0.5992010652463382;900;0;0;0;602;0;0;0;0.5992010652463382;900;0;0;0;602;0;0;0;0.6741011984021306;806;94;0;0;283;319;0;0;0.6741011984021306;806;94;0;0;283;319;0;0;
sel;random;0;false;false;alteration;99;0.6344873501997337;953;0;0;0;549;0;0;0;0.6344873501997337;953;0;0;0;549;0;0;0;0.6344873501997337;953;0;0;0;549;0;0;0;0.6344873501997337;953;0;0;0;549;0;0;0;
sel;accuracy;0;false;false;alteration;99;0.6344873501997337;953;0;0;0;549;0;0;0;0.6344873501997337;953;0;0;0;549;0;0;0;0.6344873501997337;953;0;0;0;549;0;0;0;0.6344873501997337;953;0;0;0;549;0;0;0;
sel;random;0;false;false;alteration;100;0.614105123087159;923;0;0;0;580;0;0;0;0.614105123087159;923;0;0;0;580;0;0;0;0.5013306719893547;4;0;919;0;0;0;580;0;0.5013306719893547;4;0;919;0;0;0;580;0;
sel;accuracy;0;false;false;alteration;100;0.614105123087159;923;0;0;0;580;0;0;0;0.614105123087159;923;0;0;0;580;0;0;0;0.614105123087159;923;0;0;0;580;0;0;0;0.614105123087159;923;0;0;0;580;0;0;0;
